-- phpMyAdmin SQL Dump
-- version 4.2.7.1
-- http://www.phpmyadmin.net
--
-- Φιλοξενητής: 127.0.0.1
-- Χρόνος δημιουργίας: 05 Ιαν 2015 στις 20:11:44
-- Έκδοση διακομιστή: 5.5.39
-- Έκδοση PHP: 5.4.31

SET SQL_MODE = "NO_AUTO_VALUE_ON_ZERO";
SET time_zone = "+00:00";


/*!40101 SET @OLD_CHARACTER_SET_CLIENT=@@CHARACTER_SET_CLIENT */;
/*!40101 SET @OLD_CHARACTER_SET_RESULTS=@@CHARACTER_SET_RESULTS */;
/*!40101 SET @OLD_COLLATION_CONNECTION=@@COLLATION_CONNECTION */;
/*!40101 SET NAMES utf8 */;

--
-- Βάση δεδομένων: `3724_3725_3726`
--
CREATE DATABASE IF NOT EXISTS `3724_3725_3726` DEFAULT CHARACTER SET utf8 COLLATE utf8_general_ci;
USE `3724_3725_3726`;

-- --------------------------------------------------------

--
-- Δομή πίνακα για τον πίνακα `questions`
--

DROP TABLE IF EXISTS `questions`;
CREATE TABLE IF NOT EXISTS `questions` (
`ID` int(11) NOT NULL,
  `question` varchar(255) NOT NULL DEFAULT '',
  `ans1` varchar(255) NOT NULL DEFAULT '',
  `ans2` varchar(255) NOT NULL DEFAULT '',
  `ans3` varchar(255) NOT NULL DEFAULT '',
  `ans4` varchar(255) NOT NULL DEFAULT '',
  `ans5` varchar(255) NOT NULL DEFAULT '',
  `corans` varchar(8) NOT NULL DEFAULT '',
  `subject_ID` int(11) NOT NULL
) ENGINE=MyISAM  DEFAULT CHARSET=utf8 AUTO_INCREMENT=36 ;

--
-- Άδειασμα δεδομένων του πίνακα `questions`
--

INSERT INTO `questions` (`ID`, `question`, `ans1`, `ans2`, `ans3`, `ans4`, `ans5`, `corans`, `subject_ID`) VALUES
(1, 'Τα κύρια στοιχεία ενός τριγώνου είναι:', 'οι πλευρές και οι διχοτόμοι', 'οι πλευρές και τα ύψη', 'οι πλευρές και οι γωνίες', 'οι γωνίες και οι διχοτόμοι', 'οι γωνίες και οι διάμεσοι', 'ans3', 2),
(2, 'Σ’ ένα τρίγωνο ισχύει α=γ. Ποιο από τα παρακάτω είναι το σωστό:', 'Α ̂=Γ ̂', 'Α ̂=Β ̂', 'Β ̂=Γ ̂', 'Α ̂=Β ̂=Γ ̂', 'Α ̂=Β ̂≠Γ ̂', 'ans1', 2),
(3, 'Τα κριτήρια ισότητας τριγώνων είναι τα:', 'Π-Π-Π, Π-Π-Γ, Γ-Π-Γ', 'Π-Π-Π, Γ-Π-Π, Γ-Γ-Π', 'Π-Π-Π, Π-Γ-Π, Π-Γ-Γ', 'Π-Π-Π, Γ-Π-Π, Γ-Π-Γ', 'Π-Π-Π, Π-Γ-Π, Γ-Π-Γ', 'ans5', 2),
(4, 'Ποιο από τα παρακάτω είναι σωστό;', 'Αν δύο χορδές ενός κύκλου είναι ίσες, τότε και τα τόξα τους είναι ομοίως άνισα.', 'Αν δύο χορδές ενός κύκλου είναι ίσες, τότε και τα τόξα τους είναι ανομοίως άνισα.', 'Αν δύο χορδές ενός κύκλου είναι ομοίως άνισες, τότε και τα τόξα τους είναι ίσα.', 'Αν δύο χορδές ενός κύκλου είναι ανομοίως άνισες, τότε και τα τόξα τους είναι ίσα.', 'Αν δύο χορδές ενός κύκλου είναι ίσες, τότε και τα τόξα τους είναι ίσα και αντιστρόφως.', 'ans5', 2),
(5, 'Ανάλογα με τις πλευρές τα τρίγωνα διακρίνονται σε:', 'οξυγώνια, αμβλυγώνια και σκαληνά', 'σκαληνά, ισόπλευρα και ισοσκελή', 'σκαληνά, ισοσκελή και οξυγώνια', 'σκαληνά, ισόπλευρα και οξυγώνια', 'σκαληνά, ισόπλευρα και αμβλυγώνια', 'ans2', 2),
(6, 'Σε κάθε ισοσκελές τρίγωνο:', 'Το ύψος που φέρουμε από την κορυφή του είναι διάμεσος και μεσοκάθετος.', 'Η διάμεσος που φέρουμε από την κορυφή του είναι μεσοκάθετος και διχοτόμος.', 'Η διχοτόμος της γωνίας της κορυφής είναι διάμεσος και ύψος.', 'Η μεσοκάθετος είναι διάμεσος και διχοτόμος.', 'Η διάμεσος είναι ύψος και διχοτόμος.', 'ans3', 2),
(7, 'Ποιο από τα παρακάτω είναι το σωστό:', 'Διάμεσος τριγώνου είναι η ημιευθεία που έχει αρχή μια κορυφή του τριγώνου και τελειώνει σ’ ένα σημείο της απέναντι πλευράς και διχοτομεί την πλευρά αυτή.', 'Διάμεσος τριγώνου είναι η ευθεία που αρχίζει από μια κορυφή του τριγώνου και τελειώνει σ’ ένα σημείο της απέναντι πλευράς και διχοτομεί την πλευρά αυτή.', 'Διάμεσος τριγώνου είναι το ευθύγραμμο τμήμα που ενώνει μια κορυφή του τριγώνου μ’ ένα σημείο της απέναντι πλευράς και διχοτομεί την πλευρά αυτή.', 'Διάμεσος τριγώνου είναι το ευθύγραμμο τμήμα που ενώνει μια κορυφή του τριγώνου μ’ ένα σημείο της απέναντι πλευράς και τριχοτομεί την πλευρά αυτή.', 'Διάμεσος τριγώνου είναι το ευθύγραμμο τμήμα που ενώνει μια κορυφή του τριγώνου μ’ ένα σημείο της διπλανής πλευράς και διχοτομεί την πλευρά αυτή.', 'ans3', 2),
(8, 'Δίνεται τρίγωνο ΑΒΓ με πλευρές α,β,γ.', 'Αν α=β=γ τότε το τρίγωνο είναι ισοσκελές.', 'Αν α=β τότε το τρίγωνο είναι ισοσκελές.', 'Αν α=β και β=γ τότε το τρίγωνο είναι ισοσκελές.', 'Αν α=β≠γ τότε το τρίγωνο είναι ισόπλευρο.', 'Αν α≠β≠γ τότε το τρίγωνο είναι ισόπλευρο.', 'ans2', 2),
(9, 'Δίνεται τρίγωνο ΑΒΓ με γωνίες Α,Β,Γ.', 'Αν Α ̂≠Β ̂≠Γ ̂≠Α ̂ τότε το τρίγωνο είναι ισοσκελές.', 'Αν Α ̂=Β ̂=Γ ̂ τότε το τρίγωνο είναι ισοσκελές.', 'Αν Α ̂=Β ̂ και Β ̂=Γ ̂ τότε το τρίγωνο είναι ισοσκελές.', 'Αν Α ̂=Β ̂=Γ ̂ τότε το τρίγωνο είναι ισόπλευρο.', 'Αν Α ̂=Β ̂≠Γ ̂ τότε το τρίγωνο είναι ισόπλευρο.', 'ans4', 2),
(10, 'Ποιο από τα παρακάτω είναι σίγουρα λάθος:', 'Ύψος τριγώνου είναι το ευθύγραμμο τμήμα που ενώνει μια κορυφή του τριγώνου μ’ ένα σημείο της απέναντι πλευράς και είναι κάθετο στην πλευρά αυτή.', 'Ύψος τριγώνου λέγεται το κάθετο ευθύγραμμο τμήμα, που φέρεται από μια κορυφή προς την ευθεία της απέναντι πλευράς.', 'Το ύψος τριγώνου που φέρεται από μια κορυφή προς την απέναντι πλευρά, σχηματίζει ορθή γωνία με την πλευρά αυτή.', 'Ύψος τριγώνου είναι η απόσταση μιας κορυφής του από την απέναντι πλευρά.', 'Ύψος τριγώνου είναι το ευθύγραμμο τμήμα που ενώνει μια κορυφή του τριγώνου μ’ ένα σημείο της απέναντι πλευράς και σχηματίζει γωνία 〖45〗^0 με την πλευρά αυτή.', 'ans5', 2),
(11, 'Ποιο από τα παρακάτω είναι η χαρακτηριστική ιδιότητα της μεσοκαθέτου ευθυγράμμου τμήματος;', 'Κάθε σημείο της ισαπέχει από το ευθύγραμμο τμήμα και αντιστρόφως.', 'Κάθε σημείο της ισαπέχει από το μέσο του ευθυγράμμου τμήματος και αντιστρόφως.', 'Διέρχεται από το μέσο του ευθυγράμμου τμήματος και είναι κάθετη σε αυτό.', 'Κάθε σημείο της ισαπέχει από τα άκρα του ευθυγράμμου τμήματος και αντιστρόφως.', 'Είναι κάθετη στο μέσον του ευθυγράμμου τμήματος.', 'ans4', 2),
(12, 'Ποιο από τα παρακάτω είναι το σωστό:', 'Διχοτόμος τριγώνου είναι το ευθύγραμμο τμήμα που ενώνει μια κορυφή του τριγώνου μ’ ένα σημείο της απέναντι πλευράς και διχοτομεί τη γωνία της κορυφής.', 'Διχοτόμος τριγώνου είναι η ημιευθεία που έχει αρχή μια κορυφή του τριγώνου και τελειώνει σ’ ένα σημείο της απέναντι πλευράς και διχοτομεί τη γωνία της κορυφής.', 'Διχοτόμος τριγώνου είναι η ευθεία που αρχίζει από μια κορυφή του τριγώνου και τελειώνει σ’ ένα σημείο της απέναντι πλευράς και διχοτομεί τη γωνία της κορυφής.', 'Διχοτόμος τριγώνου είναι το ευθύγραμμο τμήμα που ενώνει μια κορυφή του τριγώνου μ’ ένα σημείο της απέναντι πλευράς και τριχοτομεί τη γωνία της κορυφής.', 'Διχοτόμος τριγώνου είναι το ευθύγραμμο τμήμα που ενώνει μια κορυφή του τριγώνου μ’ ένα σημείο της διπλανής πλευράς και διχοτομεί τη γωνία της κορυφής.', 'ans1', 2),
(13, 'Ανάλογα με τις γωνίες τα τρίγωνα διακρίνονται σε:', 'οξυγώνια, αμβλυγώνια και ορθογώνια', 'οξυγώνια, αμβλυγώνια και ισοσκελή', 'οξυγώνια, ορθογώνια και ισόπλευρα', 'οξυγώνια, ισόπλευρα και σκαληνά', 'ορθογώνια, ισόπλευρα και αμβλυγώνια', 'ans1', 2),
(14, 'Ποιο από τα παρακάτω είναι λάθος;', 'Αν δύο τόξα ενός κύκλου είναι ίσα, τότε και οι χορδές τους είναι ίσες και αντιστρόφως.', 'Αν δύο τόξα δύο κύκλων είναι ίσα, τότε και οι χορδές τους είναι ίσες και αντιστρόφως.', 'Αν ένα τόξο ενός κύκλου είναι ίσο με ένα τόξο ενός άλλου κύκλου, τότε και οι χορδές τους είναι ίσες.', 'Αν δύο τόξα δύο ίσων κύκλων είναι ίσα, τότε και οι χορδές τους είναι ίσες και αντιστρόφως.', 'Αν δύο τόξα ενός κύκλου είναι ίσα, τότε και οι χορδές τους είναι ίσες.', 'ans2', 2),
(16, 'Τα δευτερεύοντα στοιχεία ενός τριγώνου είναι:', 'οι πλευρές, οι διχοτόμοι και τα ύψη', 'οι πλευρές, τα ύψη και οι διάμεσοι', 'οι πλευρές, οι γωνίες και οι διχοτόμοι', 'οι διάμεσοι, οι διχοτόμοι και τα ύψη', 'οι γωνίες, οι διάμεσοι και οι διχοτόμοι', 'ans4', 2),
(18, 'Ποια είναι η πρωτεύουσα της Μεγάλης Βρεττανίας;', 'Λονδίνο', 'Μάντσεστερ', 'Λίβερπουλ', 'Ενδιβούργο', 'Γλασκώβη', 'ans1', 11),
(19, 'Ποια είναι η πρωτεύουσα της Ισπανίας;', 'Βαρκελώνη', 'Μαδρίτη', 'Μαγιόρκα', 'Σεβίλλη', 'Τενερίφη', 'ans2', 11),
(20, 'Ποια είναι η πρωτεύουσα της Ιταλίας;', 'Μιλάνο', 'Φλωρεντία', 'Ρώμη', 'Βενετία', 'Νάπολη', 'ans3', 11),
(21, 'Ποια είναι η πρωτεύουσα της Σουηδίας;', 'Όσλο', 'Γκέτεμποργκ', 'Ουψάλα', 'Στοκχόλμη', 'Όσλο', 'ans4', 11),
(22, 'Ποια είναι η πρωτεύουσα της Γερμανίας;', 'Βόννη', 'Αμβούργο', 'Μόναχο', 'Φραγκφούρτη', 'Βερολίνο', 'ans5', 11),
(23, 'Ποια είναι η πρωτεύουσα του Βελγίου;', 'Βρυξέλλες', 'Λουξεμβούργο', 'Δουνκέρκη', 'Παρίσι', 'Άμστερνταμ', 'ans1', 11),
(24, 'Αν από το κέντρο ενός κύκλου φέρουμε κάθετο σε μια τυχαία χορδή, τότε ποιο από τα παρακάτω είναι λάθος;', 'Η κάθετος αυτή διέρχεται από το μέσο της χορδής.', 'Η κάθετος αυτή διέρχεται από το μέσο του μικρού τόξου της χορδής.', 'Η κάθετος αυτή είναι παράλληλη με την χορδή.', 'Η κάθετος αυτή διέρχεται από το μέσο του μεγάλου τόξου της χορδής.', 'Η κάθετος αυτή διέρχεται από το μέσο οποιασδήποτε διαμέτρου.', 'ans3', 2),
(25, 'Ποια είναι η πρωτεύουσα της Ουγγαρίας;', 'Πράγα', 'Βουδαπέστη', 'Βιέννη', 'Βίλνιους', 'Βρυξέλλες', 'ans2', 11),
(26, 'Ποια είναι η πρωτεύουσα της Σερβίας;', 'Βουδαπέστη', 'Βιέννη', 'Βελιγράδι', 'Ζάγκρεμπ', 'Σεράγεβο', 'ans3', 11),
(27, 'Ποια είναι η πρωτεύουσα της Γαλλίας;', 'Λυών', 'Μασσαλία', 'Λονδίνο', 'Παρίσι', 'Αθήνα', 'ans4', 11),
(28, 'Ποια είναι η πρωτεύουσα της Λιθουανίας;', 'Κλέιπεντα', 'Ταλίν', 'Ρήγα', 'Μίνσκ', 'Βίλνιους', 'ans5', 11),
(29, 'Ποια είναι η πρωτεύουσα της Πολωνίας;', 'Βουδαπέστη', 'Βαρσοβία', 'Κρακοβία', 'Πράγα', 'Μπρατισλάβα', 'ans2', 11),
(30, 'Ποια είναι η πρωτεύουσα της Λευκορωσίας;', 'Μόσχα', 'Κίεβο', 'Μινσκ', 'Ταλίν', 'Ρήγα', 'ans3', 11),
(31, 'Ποια είναι η πρωτεύουσα της Ουκρανίας;', 'Ρήγα', 'Ταλίν', 'Μίνσκ', 'Μόσχα', 'Κίεβο', 'ans5', 11);

-- --------------------------------------------------------

--
-- Δομή πίνακα για τον πίνακα `scores`
--

DROP TABLE IF EXISTS `scores`;
CREATE TABLE IF NOT EXISTS `scores` (
`ID` int(11) NOT NULL,
  `user_name` char(10) NOT NULL,
  `score` int(11) NOT NULL,
  `subject_ID` int(11) NOT NULL,
  `fullname` varchar(255) NOT NULL,
  `playdate` varchar(15) DEFAULT NULL
) ENGINE=MyISAM  DEFAULT CHARSET=utf8 AUTO_INCREMENT=11 ;

--
-- Άδειασμα δεδομένων του πίνακα `scores`
--

INSERT INTO `scores` (`ID`, `user_name`, `score`, `subject_ID`, `fullname`, `playdate`) VALUES
(1, 'user1', 4, 0, '', '0000-00-00 00:0'),
(2, 'user1', 4, 0, '', '0000-00-00 00:0'),
(3, 'user1', 4, 11, 'ioannis', '0000-00-00 00:0'),
(4, 'user1', 40, 11, 'ioannis', '0000-00-00 00:0'),
(5, 'user1', 40, 11, 'ioannis', '0000-00-00 00:0'),
(6, 'user1', 40, 2, 'ioannis', '0000-00-00 00:0'),
(7, 'user3', 40, 11, 'fullname', '0000-00-00 00:0'),
(8, 'user3', 20, 2, 'fullname', 'hjjhhjhjjh'),
(9, 'user3', 40, 11, 'fullname', '05/01/15'),
(10, 'user3', 20, 2, 'fullname', '0505/0101/15151');

-- --------------------------------------------------------

--
-- Δομή πίνακα για τον πίνακα `subjects`
--

DROP TABLE IF EXISTS `subjects`;
CREATE TABLE IF NOT EXISTS `subjects` (
`ID` int(11) NOT NULL,
  `subject_name` varchar(20) NOT NULL DEFAULT '',
  `description` varchar(80) NOT NULL DEFAULT ''
) ENGINE=MyISAM  DEFAULT CHARSET=utf8 AUTO_INCREMENT=13 ;

--
-- Άδειασμα δεδομένων του πίνακα `subjects`
--

INSERT INTO `subjects` (`ID`, `subject_name`, `description`) VALUES
(1, 'ΑΛΓΕΒΡΑ_Α', 'ΑΛΓΕΒΡΑ Α ΛΥΚΕΙΟΥ'),
(2, 'ΓΕΩΜΕΤΡΙΑ_Α', 'ΓΕΩΜΕΤΡΙΑ Α ΛΥΚΕΙΟΥ'),
(3, 'ΑΛΓΕΒΡΑ_Β', 'ΑΛΓΕΒΡΑ Β ΛΥΞΕΙΟΥ'),
(4, 'ΓΕΩΜΕΤΡΙΑ_Β', 'ΓΕΩΜΕΤΡΙΑ Β ΛΥΚΕΙΟΥ'),
(5, 'ΜΑΘΗΜ_Β', 'ΜΑΘΗΜΑΤΙΚΑ ΚΑΤΕΥΘΥΝΣΗΣ Β ΛΥΚΕΙΟΥ'),
(11, 'ΓΕΩΓΡΑΦΙΑ_Β', 'ΓΕΩΓΡΑΦΙΑ ΕΥΡΩΠΗΣ Β ΓΥΜΝΑΣΙΟΥ'),
(8, 'ΓΕΩΓΡΑΦΙΑ_Α', 'ΓΕΩΓΡΑΦΙΑ ΕΛΛΑΔΑΣ Α ΓΥΜΝΑΣΙΟΥ'),
(12, 'ΠΛΗΡΟΦΟΡΙΚΗ_Α', 'ΠΛΗΡΟΦΟΡΙΚΗ Α ΓΥΜΝΑΣΙΟΥ');

-- --------------------------------------------------------

--
-- Δομή πίνακα για τον πίνακα `user`
--

DROP TABLE IF EXISTS `user`;
CREATE TABLE IF NOT EXISTS `user` (
`id` int(11) NOT NULL,
  `username` char(10) NOT NULL,
  `password` char(10) NOT NULL,
  `role` tinyint(1) NOT NULL DEFAULT '0',
  `fullname` varchar(255) NOT NULL
) ENGINE=MyISAM  DEFAULT CHARSET=utf8 AUTO_INCREMENT=5 ;

--
-- Άδειασμα δεδομένων του πίνακα `user`
--

INSERT INTO `user` (`id`, `username`, `password`, `role`, `fullname`) VALUES
(1, 'admin', 'admin', 1, ''),
(2, 'user1', 'user1', 0, 'ioannis'),
(4, 'user3', 'user3', 0, 'fullname');

--
-- Ευρετήρια για άχρηστους πίνακες
--

--
-- Ευρετήρια για πίνακα `questions`
--
ALTER TABLE `questions`
 ADD PRIMARY KEY (`ID`);

--
-- Ευρετήρια για πίνακα `scores`
--
ALTER TABLE `scores`
 ADD PRIMARY KEY (`ID`);

--
-- Ευρετήρια για πίνακα `subjects`
--
ALTER TABLE `subjects`
 ADD PRIMARY KEY (`ID`);

--
-- Ευρετήρια για πίνακα `user`
--
ALTER TABLE `user`
 ADD PRIMARY KEY (`id`), ADD UNIQUE KEY `username` (`username`);

--
-- AUTO_INCREMENT για άχρηστους πίνακες
--

--
-- AUTO_INCREMENT για πίνακα `questions`
--
ALTER TABLE `questions`
MODIFY `ID` int(11) NOT NULL AUTO_INCREMENT,AUTO_INCREMENT=36;
--
-- AUTO_INCREMENT για πίνακα `scores`
--
ALTER TABLE `scores`
MODIFY `ID` int(11) NOT NULL AUTO_INCREMENT,AUTO_INCREMENT=11;
--
-- AUTO_INCREMENT για πίνακα `subjects`
--
ALTER TABLE `subjects`
MODIFY `ID` int(11) NOT NULL AUTO_INCREMENT,AUTO_INCREMENT=13;
--
-- AUTO_INCREMENT για πίνακα `user`
--
ALTER TABLE `user`
MODIFY `id` int(11) NOT NULL AUTO_INCREMENT,AUTO_INCREMENT=5;
/*!40101 SET CHARACTER_SET_CLIENT=@OLD_CHARACTER_SET_CLIENT */;
/*!40101 SET CHARACTER_SET_RESULTS=@OLD_CHARACTER_SET_RESULTS */;
/*!40101 SET COLLATION_CONNECTION=@OLD_COLLATION_CONNECTION */;
